Nom,Image,Prix
Roch Cuisinière à Gaz 4 Feux – RGCN-50- SB– 50x50 cm – 100% Inox,https://sn.jumia.is/unsafe/fit-in/300x300/filters:fill(white)/product/92/343911/1.jpg?7403,79 900 FCFA
Deska Machine à laver - 9 kg,https://sn.jumia.is/unsafe/fit-in/300x300/filters:fill(white)/product/14/157121/1.jpg?6196,200 800 FCFA
Nexon NEXON Bouilloire Electrique 2 Litres – 1500W - NEK- 180 - Silver,https://sn.jumia.is/unsafe/fit-in/300x300/filters:fill(white)/product/05/566121/1.jpg?6542,3 600 FCFA
Roch Congélateur Horizontal Rcf-210-G 210 L – Gris,https://sn.jumia.is/unsafe/fit-in/300x300/filters:fill(white)/product/93/959911/1.jpg?6377,129 900 FCFA
"Aiwa Téléviseur LED - Ecran 32"" - HDMI x 2 USB x 2 - Noir - Garantie 6 Mois",https://sn.jumia.is/unsafe/fit-in/300x300/filters:fill(white)/product/79/68912/1.jpg?0837,54 900 FCFA
Deska Smart TV 55 Pouces - Full HD - Noir - 55CF83-E - Garantie 12 Mois,https://sn.jumia.is/unsafe/fit-in/300x300/filters:fill(white)/product/84/285411/1.jpg?6527,198 500 FCFA
"Aiwa Téléviseur LED - Smart /Android 9.0TV - Ecran 32"" - Noir - Garantie 6 Mois",https://sn.jumia.is/unsafe/fit-in/300x300/filters:fill(white)/product/00/74475/1.jpg?6296,74 900 FCFA
WOW TV Televiseur LED 43 Pouces - Smart Android 11 - Full HD - Noir - Garantie 6 Mois,https://sn.jumia.is/unsafe/fit-in/300x300/filters:fill(white)/product/30/504811/1.jpg?5004,99 900 FCFA
WOW TV Téléviseur LED 32 Pouces - Smart Android 9.0 - HD - Noir - Garantie 6 Mois,https://sn.jumia.is/unsafe/fit-in/300x300/filters:fill(white)/product/60/504811/1.jpg?5004,67 900 FCFA
Astech Téléviseur Smart TV LED 55 Pouces - Full HD - Garantie 12 Mois - Noir,https://sn.jumia.is/unsafe/fit-in/300x300/filters:fill(white)/product/57/53184/1.jpg?7230,268 000 FCFA
WOW TV Téléviseur LED 65 Pouces - Smart Android 11 - 4K Ultra HD - Noir - Garantie 6 Mois,https://sn.jumia.is/unsafe/fit-in/300x300/filters:fill(white)/product/40/504811/1.jpg?6720,269 900 FCFA
Astech TV LED - 43 Pouces - Full HD - 43OD15 - Noir - Garantie 12 Mois,https://sn.jumia.is/unsafe/fit-in/300x300/filters:fill(white)/product/15/141501/1.jpg?7771,105 100 FCFA
Astech Smart TV LED 55 Pouces Android 55AC111D - 4K Ultra HD - Noir - Garantie 12 Mois,https://sn.jumia.is/unsafe/fit-in/300x300/filters:fill(white)/product/92/502501/1.jpg?9448,231 450 FCFA
"Hisense - Téléviseur -  LED 32"" - Smart TV Vidaa - Noir",https://sn.jumia.is/unsafe/fit-in/300x300/filters:fill(white)/product/23/856/1.jpg?6961,110 000 FCFA - 129 900 FCFA
Hisense TV LED 43'' VIDAA SMART OS - Noir,https://sn.jumia.is/unsafe/fit-in/300x300/filters:fill(white)/product/35/595/1.jpg?9399,185 000 FCFA
Astech TV LED 32 Pouces - HD - Noir,https://sn.jumia.is/unsafe/fit-in/300x300/filters:fill(white)/product/87/0111/1.jpg?0934,74 900 FCFA
SMART TECHNOLOGY Congélateur Horizontal 72 Litres Brut - Gris - STCC-102 - Garantie 12 Mois,https://sn.jumia.is/unsafe/fit-in/300x300/filters:fill(white)/product/93/06888/1.jpg?2528,89 900 FCFA
SMART TECHNOLOGY Réfrigérateur Bar 1 Porte 90 Litres - STR-90H - Garantie 12 Mois,https://sn.jumia.is/unsafe/fit-in/300x300/filters:fill(white)/product/74/97289/1.jpg?3462,62 900 FCFA
SMART TECHNOLOGY Congélateur Horizontal 327 Litres - Gris -STCC-385- Garantie 12 Mois,https://sn.jumia.is/unsafe/fit-in/300x300/filters:fill(white)/product/66/57579/1.jpg?4307,250 950 FCFA
Roch Congélateur Vertical 8 Tiroirs - 200 Litres – RUF-295-J – Gris - Classe A+,https://sn.jumia.is/unsafe/fit-in/300x300/filters:fill(white)/product/30/302021/1.jpg?3199,245 900 FCFA
SMART TECHNOLOGY Congélateur Horizontal 200 Litres brut - 131 L net - Gris - STCC-200 - Garantie 12 Mois,https://sn.jumia.is/unsafe/fit-in/300x300/filters:fill(white)/product/04/06888/1.jpg?2528,115 600 FCFA
SMART TECHNOLOGY Réfrigérateur 2 Portes 225 Litres - Argenté- STR-344H - Garantie 12 Mois - Classe A+,https://sn.jumia.is/unsafe/fit-in/300x300/filters:fill(white)/product/92/06888/1.jpg?3462,143 990 FCFA
Nexon Refrigerateur Bar 1 Porte 115 Litres - NFR-115-I - Gris,https://sn.jumia.is/unsafe/fit-in/300x300/filters:fill(white)/product/87/944121/1.jpg?2387,59 900 FCFA
Roch Réfrigérateur Bar 76 Litres - 2 Portes - RBF-110DT-K - Gris,https://sn.jumia.is/unsafe/fit-in/300x300/filters:fill(white)/product/47/274811/1.jpg?1355,67 800 FCFA
Haier SPLIT MURAL - HAIER - R410 - 9000BTU - 1CV - GARANTIE 12 MOIS,https://sn.jumia.is/unsafe/fit-in/300x300/filters:fill(white)/product/48/70388/1.jpg?9820,179 900 FCFA
Midea Climatiseur Split 1.25 CV - 9000 BTU - Blanc - Garantie 12 Mois,https://sn.jumia.is/unsafe/fit-in/300x300/filters:fill(white)/product/10/7601/1.jpg?7314,215 000 FCFA
Sharp SPLIT - SHARP - 12000 BTU - 1.5 CV - GARANTIE 12 MOIS,https://sn.jumia.is/unsafe/fit-in/300x300/filters:fill(white)/product/59/34585/1.jpg?7590,205 000 FCFA
Sharp Climatiseur Split - Sharp - 1.25CV - 9000 BTU - Blanc - Garantie 12 Mois,https://sn.jumia.is/unsafe/fit-in/300x300/filters:fill(white)/product/99/6601/1.jpg?0225,185 000 FCFA
Beko SPLIT - BEKO - 1.5 CV - 12000BTU - GAZ R410 - GARANTIE 12 MOIS,https://sn.jumia.is/unsafe/fit-in/300x300/filters:fill(white)/product/45/08903/1.jpg?3753,220 000 FCFA
Samsung - Split Mural - 2 CV –  AR18 - 180000BTU - GARANTIE 12 MOIS,https://sn.jumia.is/unsafe/fit-in/300x300/filters:fill(white)/product/48/97795/1.jpg?7679,360 000 FCFA
Binatone Refroidisseur D'Air BAC-201 - 20L Tactile-120 Watts+Télécommande,https://sn.jumia.is/unsafe/fit-in/300x300/filters:fill(white)/product/04/959911/1.jpg?2631,61 900 FCFA
Deska Fontaine à Eau 3 Robinets - Avec Réfrigérateur - WD-16WH-E - Garantie 12 Mois,https://sn.jumia.is/unsafe/fit-in/300x300/filters:fill(white)/product/06/382221/1.jpg?3253,64 500 FCFA
Roch Fontaine Roch – Rwd-18 D – 3 Robinets – Avec Verrouillage Enfant,https://sn.jumia.is/unsafe/fit-in/300x300/filters:fill(white)/product/16/844221/1.jpg?0030,62 700 FCFA
Astech Fontaine à Eau 3 Robinets - Avec Réfrigérateur - FNT278FT - Garantie 12 Mois,https://sn.jumia.is/unsafe/fit-in/300x300/filters:fill(white)/product/91/863811/1.jpg?0551,70 150 FCFA
Bruhm Fontaine à Eau 2 Robinets - Bds-1169 - Noir,https://sn.jumia.is/unsafe/fit-in/300x300/filters:fill(white)/product/97/743911/1.jpg?9977,75 350 FCFA
Astech Fontaine à eau ASTECH,https://sn.jumia.is/unsafe/fit-in/300x300/filters:fill(white)/product/62/524121/1.jpg?8789,94 999 FCFA
Deska Fontaine à eau DESKA,https://sn.jumia.is/unsafe/fit-in/300x300/filters:fill(white)/product/68/130001/1.jpg?0472,90 240 FCFA
RAF Fontaine à eau RAF,https://sn.jumia.is/unsafe/fit-in/300x300/filters:fill(white)/product/43/986221/1.jpg?2755,99 999 FCFA
"SMART TECHNOLOGY SMART TV 32"" - HDMI - FHD - 3D -Wifi - Régulateur + Décodeur Intégré - Noir - Garantie 12 Mois",https://sn.jumia.is/unsafe/fit-in/300x300/filters:fill(white)/product/35/410911/1.jpg?5126,59 900 FCFA
SMART TECHNOLOGY Blender - STPE-1020W - 2 En 1 - 1.5 Litre - 400 W - Blanc - Garantie 3 Mois,https://sn.jumia.is/unsafe/fit-in/300x300/filters:fill(white)/product/33/327911/1.jpg?4364,7 900 FCFA
Deska TV LED 32 Pouces - 32JK12 – Noir - Garantie 12 Mois,https://sn.jumia.is/unsafe/fit-in/300x300/filters:fill(white)/product/89/263811/1.jpg?2629,52 350 FCFA
Roch TV LED Ultra Sim ROCH 32 Pouces - FULL HD - Rh-Le32a-C - Noir,https://sn.jumia.is/unsafe/fit-in/300x300/filters:fill(white)/product/89/033221/1.jpg?5696,48 900 FCFA
SMART TECHNOLOGY Tv LED 32 HD Smart Android 11 + WIFI STT-3298K -HDMI-USB - Régulateur De Tension,https://sn.jumia.is/unsafe/fit-in/300x300/filters:fill(white)/product/66/531221/1.jpg?9165,68 300 FCFA
"West Télévision 32"" Smart -UHD -Android 11.0 Framless - 760mm - 1366*768px - Garantie 6 mois",https://sn.jumia.is/unsafe/fit-in/300x300/filters:fill(white)/product/68/066221/1.jpg?2045,58 900 FCFA
WOW TV Televiseur LED 43 Pouces - Smart Android 11 - Full HD - Noir - Garantie 6 Mois,https://sn.jumia.is/unsafe/fit-in/300x300/filters:fill(white)/product/30/504811/1.jpg?5004,99 900 FCFA
SMART TECHNOLOGY Cuisinière à Gaz 5 feux - Four haut & bas - Rôtisseur - Allumage électrique - 80x60Cm -STC-8060C-Garantie 1an,https://sn.jumia.is/unsafe/fit-in/300x300/filters:fill(white)/product/30/82579/1.jpg?0622,129 900 FCFA
Roch Réfrigérateur Bar 76 Litres - 2 Portes - RBF-110DT-K - Gris,https://sn.jumia.is/unsafe/fit-in/300x300/filters:fill(white)/product/47/274811/1.jpg?1355,67 800 FCFA
SMART TECHNOLOGY Réfrigérateur Bar 2 Portes 100 Litres - Gris - STR-135H-Garantie 12 Mois,https://sn.jumia.is/unsafe/fit-in/300x300/filters:fill(white)/product/13/06888/1.jpg?2733,79 900 FCFA
"West Télévision UHD 43"" Smart Android 11.0 Framless - 995mm - 1920*1080 pixels - Garantie 6 mois",https://sn.jumia.is/unsafe/fit-in/300x300/filters:fill(white)/product/78/066221/1.jpg?6323,95 803 FCFA
SMART TECHNOLOGY Réfrigérateur Bar 2 Portes 53 Litres - Gris - STR-99H - Garantie 12 Mois,https://sn.jumia.is/unsafe/fit-in/300x300/filters:fill(white)/product/03/06888/1.jpg?3703,69 900 FCFA
SMART TECHNOLOGY Mixeur Plongeant – STPE-871 – 500 Ml – 300 W - 2 Vitesses,https://sn.jumia.is/unsafe/fit-in/300x300/filters:fill(white)/product/16/831121/1.jpg?7325,9 900 FCFA
SMART TECHNOLOGY Plaque De Cuisson à Gaz - 3 Feux - STC 6780 - Noir - Garantie 12 Mois,https://sn.jumia.is/unsafe/fit-in/300x300/filters:fill(white)/product/96/731201/1.jpg?2379,10 900 FCFA
Roch Plaque De Cuisson à Gaz Deluxe – 3 Feux – RGC-TT302-C – Gris,https://sn.jumia.is/unsafe/fit-in/300x300/filters:fill(white)/product/02/990911/2.jpg?8483,13 600 FCFA
SMART TECHNOLOGY Home Cinéma STH-288 - DVD - VCD - CD - DVD-9 - MP3 - MPEG - Noir - Garantie 12 Mois,https://sn.jumia.is/unsafe/fit-in/300x300/filters:fill(white)/product/07/09849/1.jpg?5460,103 900 FCFA
SMART TECHNOLOGY Home Cinéma STHC-1000 - DVD - VCD - CD - DVD-9 - MP3 - MPEG - Noir - Garantie 12 Mois,https://sn.jumia.is/unsafe/fit-in/300x300/filters:fill(white)/product/96/09849/1.jpg?5572,114 200 FCFA
SMART TECHNOLOGY Système Audio avec Haut-parleur multimédia STHB-9917M - Radio FM - Port USB - Port Carte Mémoire,https://sn.jumia.is/unsafe/fit-in/300x300/filters:fill(white)/product/90/72089/1.jpg?4544,38 350 FCFA
SMART TECHNOLOGY Système Audio Avec Haut-parleur Multimédia - STHP-782M - Radio FM - USB - Carte SD - MP3,https://sn.jumia.is/unsafe/fit-in/300x300/filters:fill(white)/product/41/72089/1.jpg?2913,76 650 FCFA
TX3 MINI - TV Box Multimédia - Android 7.1 - 2GB+16GB - Noir,https://sn.jumia.is/unsafe/fit-in/300x300/filters:fill(white)/product/24/0421/1.jpg?2515,28 000 FCFA
"Generic H96 Max-3318 4K Ultra HD Android TV Box With Remote Controller, Android 10.0, 2GB+16GB, EU Plug",https://sn.jumia.is/unsafe/fit-in/300x300/filters:fill(white)/product/99/682001/1.jpg?8098,23 800 FCFA
XIAOMI Mi TV Stick 4K -  Android tv box - HDR,https://sn.jumia.is/unsafe/fit-in/300x300/filters:fill(white)/product/58/75216/1.jpg?8166,35 000 FCFA
Generic Android 10.1/11.1 TV Box 5G USB 3.0 [Dernière Version] 360  - Noir,https://sn.jumia.is/unsafe/fit-in/300x300/filters:fill(white)/product/01/152511/1.jpg?8205,19 900 FCFA
SMART TECHNOLOGY Blender - STPE-1020W - 2 En 1 - 1.5 Litre - 400 W - Blanc - Garantie 3 Mois,https://sn.jumia.is/unsafe/fit-in/300x300/filters:fill(white)/product/33/327911/1.jpg?4364,7 900 FCFA
SMART TECHNOLOGY Mixeur Plongeant – STPE-871 – 500 Ml – 300 W - 2 Vitesses,https://sn.jumia.is/unsafe/fit-in/300x300/filters:fill(white)/product/16/831121/1.jpg?7325,9 900 FCFA
SMART TECHNOLOGY Plaque De Cuisson à Gaz - 3 Feux - STC 6780 - Noir - Garantie 12 Mois,https://sn.jumia.is/unsafe/fit-in/300x300/filters:fill(white)/product/96/731201/1.jpg?2379,10 900 FCFA
Roch Plaque De Cuisson à Gaz Deluxe – 3 Feux – RGC-TT302-C – Gris,https://sn.jumia.is/unsafe/fit-in/300x300/filters:fill(white)/product/02/990911/2.jpg?8483,13 600 FCFA
DECAKILA Mixeur portatif - mousseur à lait - Ultra pratique,https://sn.jumia.is/unsafe/fit-in/300x300/filters:fill(white)/product/25/209121/1.jpg?2977,2 012 FCFA
Generic Lampe Frontale étanche à LED,https://sn.jumia.is/unsafe/fit-in/300x300/filters:fill(white)/product/93/589121/1.jpg?2238,2 300 FCFA
Generic Support mural TV fixe 14-42 pouces,https://sn.jumia.is/unsafe/fit-in/300x300/filters:fill(white)/product/34/492101/1.jpg?3319,2 100 FCFA
SMART TECHNOLOGY Blender Multifonctions 1.5 Litres - 500W - Blanc - STPE-1220 - Garantie 3 Mois,https://sn.jumia.is/unsafe/fit-in/300x300/filters:fill(white)/product/62/06888/1.jpg?9338,12 200 FCFA
"Generic Support Mural TV Orientable -TV LED ( 14"" a 55"") - Noir",https://sn.jumia.is/unsafe/fit-in/300x300/filters:fill(white)/product/77/131611/1.jpg?5394,5 700 FCFA
Generic E27 Disco Ambient Spiral Light,https://sn.jumia.is/unsafe/fit-in/300x300/filters:fill(white)/product/52/589121/1.jpg?7754,2 500 FCFA
"Generic Mini hachoir à ail; piment ,gingembre, fruits électrique hachoir à  USB Machine",https://sn.jumia.is/unsafe/fit-in/300x300/filters:fill(white)/product/06/727811/1.jpg?1634,6 650 FCFA
"P9 Plus Case Casque Bluetooth P9 Pro Max, Écouteur sans fil. Meilleure qualité iPhone et Android",https://sn.jumia.is/unsafe/fit-in/300x300/filters:fill(white)/product/20/963221/1.jpg?3678,2 901 FCFA
"White Support TV pivotant - mural  -TV LED ( 14"" a 42"") - Noir",https://sn.jumia.is/unsafe/fit-in/300x300/filters:fill(white)/product/45/68639/1.jpg?9708,5 250 FCFA
Generic Support Mural TV 26'' - 63'' Fixation Téléviseur Pour LED LCD - Noir,https://sn.jumia.is/unsafe/fit-in/300x300/filters:fill(white)/product/72/18089/1.jpg?4404,2 900 FCFA
Generic Caméra de surveillance 360° Caméra sans fil intelligente avec vision nocturne HD,https://sn.jumia.is/unsafe/fit-in/300x300/filters:fill(white)/product/12/360221/1.jpg?8635,8 900 FCFA
Astech Congélateur Horizontal 195 Litres - CH195 - Gris - Classe A+ - Garantie 12 Mois,https://sn.jumia.is/unsafe/fit-in/300x300/filters:fill(white)/product/99/411121/1.jpg?6320,109 900 FCFA
Generic Support mural TV fixe 14-42 pouces,https://sn.jumia.is/unsafe/fit-in/300x300/filters:fill(white)/product/34/492101/1.jpg?3319,2 100 FCFA
Astech Micro-ondes Astech 23MAF4-IA - 23 litres,https://sn.jumia.is/unsafe/fit-in/300x300/filters:fill(white)/product/93/141501/1.jpg?3732,53 100 FCFA
Astech Machine à laver inverter MLV70B-N71NV-LC - 7kg,https://sn.jumia.is/unsafe/fit-in/300x300/filters:fill(white)/product/23/921221/1.jpg?8400,178 100 FCFA
Generic Câble micro USB vers USB femelle OTG Adapter Cable USB 2.0,https://sn.jumia.is/unsafe/fit-in/300x300/filters:fill(white)/product/11/56089/1.jpg?6253,2 600 FCFA
Jerry Power Home Cinéma - Enceinte Bluetooth - DH3 Woofer - Rouge / Noir,https://sn.jumia.is/unsafe/fit-in/300x300/filters:fill(white)/product/66/17489/1.jpg?3415,44 500 FCFA
Astech Smart TV LED 55 Pouces Android 55AC111D - 4K Ultra HD - Noir - Garantie 12 Mois,https://sn.jumia.is/unsafe/fit-in/300x300/filters:fill(white)/product/92/502501/1.jpg?9448,231 450 FCFA
Tefal Hachoir Mécanique Manuel Tefal 5 Seconde 500 ML -K0920404 - Vert,https://sn.jumia.is/unsafe/fit-in/300x300/filters:fill(white)/product/80/12788/1.jpg?3632,12 800 FCFA
Deska Smart TV 32 Pouces - Full HD - Noir - Garantie 12 Mois,https://sn.jumia.is/unsafe/fit-in/300x300/filters:fill(white)/product/17/099121/1.jpg?8616,59 900 FCFA
Yunteng Trépied Yunteng pour appareil photo et téléphone,https://sn.jumia.is/unsafe/fit-in/300x300/filters:fill(white)/product/64/795/1.jpg?2424,31 000 FCFA
"Mini Clavier Backlit Wireless  , Ergonomique sans Fil avec Touchpad – Pour Smart TV, Android TV Box, Google Chromecase,  mini PC, HTPC, Console, Ordinateur etc….",https://sn.jumia.is/unsafe/fit-in/300x300/filters:fill(white)/product/07/51589/1.jpg?4341,5 790 FCFA
WOW TV Televiseur LED 43 Pouces - Smart Android 11 - Full HD - Noir - Garantie 6 Mois,https://sn.jumia.is/unsafe/fit-in/300x300/filters:fill(white)/product/30/504811/1.jpg?5004,99 900 FCFA
Generic Hachoir à Viande - Electrique - Acier Inoxydable,https://sn.jumia.is/unsafe/fit-in/300x300/filters:fill(white)/product/02/91729/1.jpg?8175,7 990 FCFA
Astech Téléviseur Smart TV LED 32 Pouces Full HD - Garantie 12 Mois,https://sn.jumia.is/unsafe/fit-in/300x300/filters:fill(white)/product/36/986911/1.jpg?3019,83 100 FCFA
Astech Smart TV 50 Pouces Android - 50AC111D - Full HD - Noir - Garantie 12 Mois,https://sn.jumia.is/unsafe/fit-in/300x300/filters:fill(white)/product/82/502501/1.jpg?9122,198 500 FCFA
White Label Étendoir à Linge - Bleu - 1 Mètre 20,https://sn.jumia.is/unsafe/fit-in/300x300/filters:fill(white)/product/88/83788/1.jpg?6070,13 900 FCFA
Samsung - MACHINE À LAVER - 9 KG – BLANC - GARANTIE 12 MOIS,https://sn.jumia.is/unsafe/fit-in/300x300/filters:fill(white)/product/90/21506/1.jpg?4694,450 000 FCFA
Elactron Machine à Laver 7kg - EL-W700MVW Garantie 12 mois,https://sn.jumia.is/unsafe/fit-in/300x300/filters:fill(white)/product/05/263221/1.jpg?4386,204 500 FCFA
Roch - Machine à laver - 7KG - STORM WASH - Garantie 12 mois(A+++),https://sn.jumia.is/unsafe/fit-in/300x300/filters:fill(white)/product/24/05379/1.jpg?7426,209 000 FCFA
Elactron Machine à Laver 12kg - EL-W1200MV Garantie 12 mois,https://sn.jumia.is/unsafe/fit-in/300x300/filters:fill(white)/product/03/304221/1.jpg?0049,367 000 FCFA
Elactron Machine à Laver 9kg - EL-W900MVW Garantie 12 mois,https://sn.jumia.is/unsafe/fit-in/300x300/filters:fill(white)/product/92/304221/1.jpg?0049,264 000 FCFA
Elactron Machine à Laver 6kg -  EL-W600MVW Garantie 12 mois,https://sn.jumia.is/unsafe/fit-in/300x300/filters:fill(white)/product/72/304221/1.jpg?0049,183 500 FCFA
"Generic Support 4 pieds pour frigo ,bouteille gaz ou distributeur d'eau",https://sn.jumia.is/unsafe/fit-in/300x300/filters:fill(white)/product/07/62579/1.jpg?4404,7 500 FCFA
Generic Bouilloire ou Chauffe Eau Electrique en Inox 2L,https://sn.jumia.is/unsafe/fit-in/300x300/filters:fill(white)/product/80/139811/1.jpg?7243,6 500 FCFA
"Generic Portable Mixeur des Fruits rechargeable avec USB,Mini Blender - 380 ml",https://sn.jumia.is/unsafe/fit-in/300x300/filters:fill(white)/product/13/48023/1.jpg?9145,6 990 FCFA
Generic 30 Recharges Diffuseur anti moustiques,https://sn.jumia.is/unsafe/fit-in/300x300/filters:fill(white)/product/62/203001/1.jpg?3854,2 500 FCFA
"Moulinex Machine Cafetière UNO - Moulinex - noire 12 tasses - 1,5 L - 800 W - Noir",https://sn.jumia.is/unsafe/fit-in/300x300/filters:fill(white)/product/89/77575/1.jpg?4725,29 800 FCFA
Generic Diffuseur Electrique Anti Moustique - Bleu avec recharge,https://sn.jumia.is/unsafe/fit-in/300x300/filters:fill(white)/product/54/8165/1.jpg?9568,3 600 FCFA
Generic decoupeur légume 10en 1Nicer Dicer,https://sn.jumia.is/unsafe/fit-in/300x300/filters:fill(white)/product/18/98216/1.jpg?8850,6 250 FCFA
Generic Friteuse 26 cm – Rouge,https://sn.jumia.is/unsafe/fit-in/300x300/filters:fill(white)/product/85/27439/1.jpg?9098,7 250 FCFA
Scarlett Chauffe Eau Electrique en Inox 2L,https://sn.jumia.is/unsafe/fit-in/300x300/filters:fill(white)/product/96/47979/1.jpg?0927,6 175 FCFA
SMART TECHNOLOGY Cuisinière à Gaz 5 feux - Four haut & bas - Rôtisseur - Allumage électrique - 80x60Cm -STC-8060C-Garantie 1an,https://sn.jumia.is/unsafe/fit-in/300x300/filters:fill(white)/product/30/82579/1.jpg?0622,129 900 FCFA
Astech Cuisinière 4 feux 50X50 CSI-50MS,https://sn.jumia.is/unsafe/fit-in/300x300/filters:fill(white)/product/04/141501/1.jpg?7799,79 900 FCFA
SMART TECHNOLOGY Plaque De Cuisson à Gaz - 3 Feux - STC 6780 - Noir - Garantie 12 Mois,https://sn.jumia.is/unsafe/fit-in/300x300/filters:fill(white)/product/96/731201/1.jpg?2379,10 900 FCFA
Generic 2000W Ménage Cuisine Cuisson Double Four Température Réglable Cuisinière Électrique Café Chauffe,https://sn.jumia.is/unsafe/fit-in/300x300/filters:fill(white)/product/01/082121/1.jpg?5153,7 980 FCFA
Roch Cuisinière à Table 4 feux 50 * 50 - Roch – RG4IX-D,https://sn.jumia.is/unsafe/fit-in/300x300/filters:fill(white)/product/41/254221/1.jpg?6187,19 900 FCFA
Roch Plaque De Cuisson à Gaz Deluxe – 3 Feux – RGC-TT302-C – Gris,https://sn.jumia.is/unsafe/fit-in/300x300/filters:fill(white)/product/02/990911/2.jpg?8483,13 600 FCFA
SMART TECHNOLOGY Cuisinière à Gaz 4 Feux Inox - Allumage automatique - 50x50Cm - Inox - STC-5050l,https://sn.jumia.is/unsafe/fit-in/300x300/filters:fill(white)/product/20/101911/1.jpg?2842,89 900 FCFA
Astech Four à Micro-Ondes - 23 Litres - 800 Watts - Gris,https://sn.jumia.is/unsafe/fit-in/300x300/filters:fill(white)/product/78/23988/1.jpg?0463,75 000 FCFA
Generic Batteur Electrique Batteur D'oeufs Mélangeur - 7 vitesses - 260W - Blanc,https://sn.jumia.is/unsafe/fit-in/300x300/filters:fill(white)/product/67/75016/1.jpg?1832,4 650 FCFA
RAF Mixeur submersible 4 en 1 universel RAF R 331 800 W avec buses,https://sn.jumia.is/unsafe/fit-in/300x300/filters:fill(white)/product/68/132121/1.jpg?2597,19 900 FCFA
Tefal Hachoir Mécanique Manuel Tefal 5 Seconde 500 ML - K1330404 - blanc/Vert,https://sn.jumia.is/unsafe/fit-in/300x300/filters:fill(white)/product/28/42795/1.jpg?7860,12 800 FCFA
Moulinex Batteur électrique Moulinex Soleil Ivoire - 2 vitesses - 200W - HM211A11,https://sn.jumia.is/unsafe/fit-in/300x300/filters:fill(white)/product/09/57795/1.jpg?5101,31 000 FCFA
Generic Batteur Electrique - 7 vitesses - 260W - Blanc,https://sn.jumia.is/unsafe/fit-in/300x300/filters:fill(white)/product/88/79599/1.jpg?5493,6 900 FCFA
Generic Batteur Electrique - 7 vitesses - 260W - Blanc,https://sn.jumia.is/unsafe/fit-in/300x300/filters:fill(white)/product/09/79599/1.jpg?5493,8 000 FCFA
Generic Batteur Electrique - 7 vitesses - 260W - Blanc,https://sn.jumia.is/unsafe/fit-in/300x300/filters:fill(white)/product/98/79599/1.jpg?5493,8 000 FCFA
Generic Batteur Electrique - 7 vitesses - 260W - Blanc,https://sn.jumia.is/unsafe/fit-in/300x300/filters:fill(white)/product/78/79599/1.jpg?5492,7 900 FCFA
"Dsp Ensemble mélangeur DSP 4 EN 1 KM1093, Mixeur plongeant électrique",https://sn.jumia.is/unsafe/fit-in/300x300/filters:fill(white)/product/64/924121/1.jpg?4433,15 900 FCFA
